id,name,email
1,Alice,alice@example.com
2,Bob,bob@example.com
3,Charlie,charlie@hotmail.com
1,Alice,alice@example.com
2,Bob,bob@example.com
3,Charlie,charlie@hotmail.com
1,Alice,alice@example.com
2,Bob,bob@example.com
3,Charlie,charlie@hotmail.com
1,Alice,alice@example.com
2,Bob,bob@example.com
3,Charlie,charlie@hotmail.com
1,Alice,alice@example.com
2,Bob,bob@example.com
3,Charlie,charlie@hotmail.com
1,Alice,alice@example.com
2,Bob,bob@example.com
3,Charlie,charlie@hotmail.com
1,Alice,alice@example.com
2,Bob,bob@example.com
3,Charlie,charlie@hotmail.com
1,Alice,alice@example.com
2,Bob,bob@example.com
3,Charlie,charlie@hotmail.com
1,Alice,alice@example.com
2,Bob,bob@example.com
3,Charlie,charlie@hotmail.com
1,Alice,alice@example.com
2,Bob,bob@example.com
3,Charlie,charlie@hotmail.com
1,Alice,alice@example.com
2,Bob,bob@example.com
3,Charlie,charlie@hotmail.com
1,Alice,alice@example.com
2,Bob,bob@example.com
3,Charlie,charlie@hotmail.com
1,Alice,alice@example.com
2,Bob,bob@example.com
3,Charlie,charlie@hotmail.com
1,Alice,alice@example.com
2,Bob,bob@example.com
3,Charlie,charlie@hotmail.com
1,Alice,alice@example.com
2,Bob,bob@example.com
3,Charlie,charlie@hotmail.com
1,Alice,alice@example.com
2,Bob,bob@example.com
3,Charlie,charlie@hotmail.com
1,Alice,alice@example.com
2,Bob,bob@example.com
3,Charlie,charlie@hotmail.com
1,Alice,alice@example.com
2,Bob,bob@example.com
3,Charlie,charlie@hotmail.com
1,Alice,alice@example.com
2,Bob,bob@example.com
3,Charlie,charlie@hotmail.com
1,Alice,alice@example.com
2,Bob,bob@example.com
3,Charlie,charlie@hotmail.com
1,Alice,alice@example.com
2,Bob,bob@example.com
3,Charlie,charlie@hotmail.com
1,Alice,alice@example.com
2,Bob,bob@example.com
3,Charlie,charlie@hotmail.com
1,Alice,alice@example.com
2,Bob,bob@example.com
3,Charlie,charlie@hotmail.com
1,Alice,alice@example.com
2,Bob,bob@example.com
3,Charlie,charlie@hotmail.com
1,Alice,alice@example.com
2,Bob,bob@example.com
3,Charlie,charlie@hotmail.com
1,Alice,alice@example.com
2,Bob,bob@example.com
3,Charlie,charlie@hotmail.com
1,Alice,alice@example.com
2,Bob,bob@example.com
3,Charlie,charlie@hotmail.com
1,Alice,alice@example.com
2,Bob,bob@example.com
3,Charlie,charlie@hotmail.com
1,Alice,alice@example.com
2,Bob,bob@example.com
3,Charlie,charlie@hotmail.com
1,Alice,alice@example.com
2,Bob,bob@example.com
3,Charlie,charlie@hotmail.com
1,Alice,alice@example.com
2,Bob,bob@example.com
3,Charlie,charlie@hotmail.com
1,Alice,alice@example.com
2,Bob,bob@example.com
3,Charlie,charlie@hotmail.com
1,Alice,alice@example.com
2,Bob,bob@example.com
3,Charlie,charlie@hotmail.com
1,Alice,alice@example.com
2,Bob,bob@example.com
3,Charlie,charlie@hotmail.com
1,Alice,alice@example.com
2,Bob,bob@example.com
3,Charlie,charlie@hotmail.com
1,Alice,alice@example.com
2,Bob,bob@example.com
3,Charlie,charlie@hotmail.com
1,Alice,alice@example.com
2,Bob,bob@example.com
3,Charlie,charlie@hotmail.com
1,Alice,alice@example.com
2,Bob,bob@example.com
3,Charlie,charlie@hotmail.com
1,Alice,alice@example.com
2,Bob,bob@example.com
3,Charlie,charlie@hotmail.com
1,Alice,alice@example.com
2,Bob,bob@example.com
3,Charlie,charlie@hotmail.com
1,Alice,alice@example.com
2,Bob,bob@example.com
3,Charlie,charlie@hotmail.com
1,Alice,alice@example.com
2,Bob,bob@example.com
3,Charlie,charlie@hotmail.com
1,Alice,alice@example.com
2,Bob,bob@example.com
3,Charlie,charlie@hotmail.com
1,Alice,alice@example.com
2,Bob,bob@example.com
3,Charlie,charlie@hotmail.com
1,Alice,alice@example.com
2,Bob,bob@example.com
3,Charlie,charlie@hotmail.com
1,Alice,alice@example.com
2,Bob,bob@example.com
3,Charlie,charlie@hotmail.com
1,Alice,alice@example.com
2,Bob,bob@example.com
3,Charlie,charlie@hotmail.com
1,Alice,alice@example.com
2,Bob,bob@example.com
3,Charlie,charlie@hotmail.com
1,Alice,alice@example.com
2,Bob,bob@example.com
3,Charlie,charlie@hotmail.com
1,Alice,alice@example.com
2,Bob,bob@example.com
3,Charlie,charlie@hotmail.com
1,Alice,alice@example.com
2,Bob,bob@example.com
3,Charlie,charlie@hotmail.com
1,Alice,alice@example.com
2,Bob,bob@example.com
3,Charlie,charlie@hotmail.com
1,Alice,alice@example.com
2,Bob,bob@example.com
3,Charlie,charlie@hotmail.com
1,Alice,alice@example.com
2,Bob,bob@example.com
3,Charlie,charlie@hotmail.com
1,Alice,alice@example.com
2,Bob,bob@example.com
3,Charlie,charlie@hotmail.com
1,Alice,alice@example.com
2,Bob,bob@example.com
3,Charlie,charlie@hotmail.com
1,Alice,alice@example.com
2,Bob,bob@example.com
3,Charlie,charlie@hotmail.com
1,Alice,alice@example.com
2,Bob,bob@example.com
3,Charlie,charlie@hotmail.com
1,Alice,alice@example.com
2,Bob,bob@example.com
3,Charlie,charlie@hotmail.com
1,Alice,alice@example.com
2,Bob,bob@example.com
3,Charlie,charlie@hotmail.com
1,Alice,alice@example.com
2,Bob,bob@example.com
3,Charlie,charlie@hotmail.com
1,Alice,alice@example.com
2,Bob,bob@example.com
3,Charlie,charlie@hotmail.com
1,Alice,alice@example.com
2,Bob,bob@example.com
3,Charlie,charlie@hotmail.com
1,Alice,alice@example.com
2,Bob,bob@example.com
3,Charlie,charlie@hotmail.com
1,Alice,alice@example.com
2,Bob,bob@example.com
3,Charlie,charlie@hotmail.com
1,Alice,alice@example.com
2,Bob,bob@example.com
3,Charlie,charlie@hotmail.com
1,Alice,alice@example.com
2,Bob,bob@example.com
3,Charlie,charlie@hotmail.com
1,Alice,alice@example.com
2,Bob,bob@example.com
3,Charlie,charlie@hotmail.com
1,Alice,alice@example.com
2,Bob,bob@example.com
3,Charlie,charlie@hotmail.com
1,Alice,alice@example.com
2,Bob,bob@example.com
3,Charlie,charlie@hotmail.com
1,Alice,alice@example.com
2,Bob,bob@example.com
3,Charlie,charlie@hotmail.com
1,Alice,alice@example.com
2,Bob,bob@example.com
3,Charlie,charlie@hotmail.com
1,Alice,alice@example.com
2,Bob,bob@example.com
3,Charlie,charlie@hotmail.com
1,Alice,alice@example.com
2,Bob,bob@example.com
3,Charlie,charlie@hotmail.com
1,Alice,alice@example.com
2,Bob,bob@example.com
3,Charlie,charlie@hotmail.com
1,Alice,alice@example.com
2,Bob,bob@example.com
3,Charlie,charlie@hotmail.com
1,Alice,alice@example.com
2,Bob,bob@example.com
3,Charlie,charlie@hotmail.com
1,Alice,alice@example.com
2,Bob,bob@example.com
3,Charlie,charlie@hotmail.com
1,Alice,alice@example.com
2,Bob,bob@example.com
3,Charlie,charlie@hotmail.com
1,Alice,alice@example.com
2,Bob,bob@example.com
3,Charlie,charlie@hotmail.com
1,Alice,alice@example.com
2,Bob,bob@example.com
3,Charlie,charlie@hotmail.com
1,Alice,alice@example.com
2,Bob,bob@example.com
3,Charlie,charlie@hotmail.com
1,Alice,alice@example.com
2,Bob,bob@example.com
3,Charlie,charlie@hotmail.com
1,Alice,alice@example.com
2,Bob,bob@example.com
3,Charlie,charlie@hotmail.com
1,Alice,alice@example.com
2,Bob,bob@example.com
3,Charlie,charlie@hotmail.com
1,Alice,alice@example.com
2,Bob,bob@example.com
3,Charlie,charlie@hotmail.com
1,Alice,alice@example.com
2,Bob,bob@example.com
3,Charlie,charlie@hotmail.com
1,Alice,alice@example.com
2,Bob,bob@example.com
3,Charlie,charlie@hotmail.com
1,Alice,alice@example.com
2,Bob,bob@example.com
3,Charlie,charlie@hotmail.com
1,Alice,alice@example.com
2,Bob,bob@example.com
3,Charlie,charlie@hotmail.com
1,Alice,alice@example.com
2,Bob,bob@example.com
3,Charlie,charlie@hotmail.com
1,Alice,alice@example.com
2,Bob,bob@example.com
3,Charlie,charlie@hotmail.com
1,Alice,alice@example.com
2,Bob,bob@example.com
3,Charlie,charlie@hotmail.com
1,Alice,alice@example.com
2,Bob,bob@example.com
3,Charlie,charlie@hotmail.com
1,Alice,alice@example.com
2,Bob,bob@example.com
3,Charlie,charlie@hotmail.com
1,Alice,alice@example.com
2,Bob,bob@example.com
3,Charlie,charlie@hotmail.com
1,Alice,alice@example.com
2,Bob,bob@example.com
3,Charlie,charlie@hotmail.com
1,Alice,alice@example.com
2,Bob,bob@example.com
3,Charlie,charlie@hotmail.com
1,Alice,alice@example.com
2,Bob,bob@example.com
3,Charlie,charlie@hotmail.com
1,Alice,alice@example.com
2,Bob,bob@example.com
3,Charlie,charlie@hotmail.com
